{
    "name": "root",
    "metadata": {
        "timer_format_version": "0.1.0",
        "start_time_seconds": "1764812068",
        "python_version": "3.10.12 (main, Jul  5 2023, 18:54:27) [GCC 11.2.0]",
        "command_line_arguments": "/home/itsuki/.conda/envs/mlagents/bin/mlagents-learn config.yaml --run-id=run4",
        "mlagents_version": "1.1.0",
        "mlagents_envs_version": "1.1.0",
        "communication_protocol_version": "1.5.0",
        "pytorch_version": "2.2.2+cu121",
        "numpy_version": "1.23.5",
        "end_time_seconds": "1764812081"
    },
    "total": 12.789624680999623,
    "count": 1,
    "self": 0.002528805998736061,
    "children": {
        "run_training.setup": {
            "total": 0.009353127999929711,
            "count": 1,
            "self": 0.009353127999929711
        },
        "TrainerController.start_learning": {
            "total": 12.777742747000957,
            "count": 1,
            "self": 0.001368133011055761,
            "children": {
                "TrainerController._reset_env": {
                    "total": 5.704367251000804,
                    "count": 1,
                    "self": 5.704367251000804
                },
                "TrainerController.advance": {
                    "total": 7.002719100988543,
                    "count": 64,
                    "self": 0.00045403799413179513,
                    "children": {
                        "env_step": {
                            "total": 7.002265062994411,
                            "count": 64,
                            "self": 6.861243167999419,
                            "children": {
                                "SubprocessEnvManager._take_step": {
                                    "total": 0.14057440699616564,
                                    "count": 64,
                                    "self": 0.002828708995366469,
                                    "children": {
                                        "TorchPolicy.evaluate": {
                                            "total": 0.13774569800079917,
                                            "count": 64,
                                            "self": 0.13774569800079917
                                        }
                                    }
                                },
                                "workers": {
                                    "total": 0.00044748799882654566,
                                    "count": 64,
                                    "self": 0.0,
                                    "children": {
                                        "worker_root": {
                                            "total": 6.432253457003753,
                                            "count": 64,
                                            "is_parallel": true,
                                            "self": 5.919811807001679,
                                            "children": {
                                                "run_training.setup": {
                                                    "total": 0.0,
                                                    "count": 0,
                                                    "is_parallel": true,
                                                    "self": 0.0,
                                                    "children": {
                                                        "steps_from_proto": {
                                                            "total": 0.0005991089983581332,
                                                            "count": 1,
                                                            "is_parallel": true,
                                                            "self": 0.0001610389972483972,
                                                            "children": {
                                                                "_process_rank_one_or_two_observation": {
                                                                    "total": 0.00043807000110973604,
                                                                    "count": 4,
                                                                    "is_parallel": true,
                                                                    "self": 0.00043807000110973604
                                                                }
                                                            }
                                                        },
                                                        "UnityEnvironment.step": {
                                                            "total": 0.017736543000864913,
                                                            "count": 1,
                                                            "is_parallel": true,
                                                            "self": 0.0001489770020270953,
                                                            "children": {
                                                                "UnityEnvironment._generate_step_input": {
                                                                    "total": 0.00020422499983396847,
                                                                    "count": 1,
                                                                    "is_parallel": true,
                                                                    "self": 0.00020422499983396847
                                                                },
                                                                "communicator.exchange": {
                                                                    "total": 0.01692241999990074,
                                                                    "count": 1,
                                                                    "is_parallel": true,
                                                                    "self": 0.01692241999990074
                                                                },
                                                                "steps_from_proto": {
                                                                    "total": 0.00046092099910310935,
                                                                    "count": 1,
                                                                    "is_parallel": true,
                                                                    "self": 0.00010926400136668235,
                                                                    "children": {
                                                                        "_process_rank_one_or_two_observation": {
                                                                            "total": 0.000351656997736427,
                                                                            "count": 4,
                                                                            "is_parallel": true,
                                                                            "self": 0.000351656997736427
                                                                        }
                                                                    }
                                                                }
                                                            }
                                                        }
                                                    }
                                                },
                                                "UnityEnvironment.step": {
                                                    "total": 0.5124416500020743,
                                                    "count": 63,
                                                    "is_parallel": true,
                                                    "self": 0.0069253249985195,