{
    "name": "root",
    "gauges": {
        "CarAgent.Policy.Entropy.mean": {
            "value": 1.3336822986602783,
            "min": 1.3336822986602783,
            "max": 1.4189382791519165,
            "count": 61
        },
        "CarAgent.Policy.Entropy.sum": {
            "value": 13303.48046875,
            "min": 13265.94921875,
            "max": 14983.98828125,
            "count": 61
        },
        "CarAgent.Step.mean": {
            "value": 609945.0,
            "min": 9957.0,
            "max": 609945.0,
            "count": 61
        },
        "CarAgent.Step.sum": {
            "value": 609945.0,
            "min": 9957.0,
            "max": 609945.0,
            "count": 61
        },
        "CarAgent.Policy.ExtrinsicValueEstimate.mean": {
            "value": 3.6004974842071533,
            "min": 0.04056447744369507,
            "max": 3.6004974842071533,
            "count": 61
        },
        "CarAgent.Policy.ExtrinsicValueEstimate.sum": {
            "value": 586.881103515625,
            "min": 6.32805871963501,
            "max": 586.881103515625,
            "count": 61
        },
        "CarAgent.Environment.EpisodeLength.mean": {
            "value": 899.6666666666666,
            "min": 417.1764705882353,
            "max": 1199.0,
            "count": 61
        },
        "CarAgent.Environment.EpisodeLength.sum": {
            "value": 10796.0,
            "min": 612.0,
            "max": 15753.0,
            "count": 61
        },
        "CarAgent.Environment.CumulativeReward.mean": {
            "value": 41.526491024277426,
            "min": 0.7085852809250355,
            "max": 41.934585792677744,
            "count": 61
        },
        "CarAgent.Environment.CumulativeReward.sum": {
            "value": 456.7914012670517,
            "min": 0.7085852809250355,
            "max": 543.8719801902771,
            "count": 61
        },
        "CarAgent.Policy.ExtrinsicReward.mean": {
            "value": 41.526491024277426,
            "min": 0.7085852809250355,
            "max": 41.934585792677744,
            "count": 61
        },
        "CarAgent.Policy.ExtrinsicReward.sum": {
            "value": 456.7914012670517,
            "min": 0.7085852809250355,
            "max": 543.8719801902771,
            "count": 61
        },
        "CarAgent.IsTraining.mean": {
            "value": 1.0,
            "min": 1.0,
            "max": 1.0,
            "count": 61
        },
        "CarAgent.IsTraining.sum": {
            "value": 1.0,
            "min": 1.0,
            "max": 1.0,
            "count": 61
        },
        "CarAgent.Losses.PolicyLoss.mean": {
            "value": 0.02092633911718925,
            "min": 0.012733141682110727,
            "max": 0.02122450208601852,
            "count": 29
        },
        "CarAgent.Losses.PolicyLoss.sum": {
            "value": 0.02092633911718925,
            "min": 0.012733141682110727,
            "max": 0.02122450208601852,
            "count": 29
        },
        "CarAgent.Losses.ValueLoss.mean": {
            "value": 0.03589677649239699,
            "min": 0.023057407016555467,
            "max": 0.05516723580658436,
            "count": 29
        },
        "CarAgent.Losses.ValueLoss.sum": {
            "value": 0.03589677649239699,
            "min": 0.023057407016555467,
            "max": 0.05516723580658436,
            "count": 29
        },
        "CarAgent.Policy.LearningRate.mean": {
            "value": 0.0004404607119078598,
            "min": 0.0004404607119078598,
            "max": 0.0004979395004121,
            "count": 29
        },
        "CarAgent.Policy.LearningRate.sum": {
            "value": 0.0004404607119078598,
            "min": 0.0004404607119078598,
            "max": 0.0004979395004121,
            "count": 29
        },
        "CarAgent.Policy.Epsilon.mean": {
            "value": 0.18809214000000007,
            "min": 0.18809214000000007,
            "max": 0.1995879,
            "count": 29
        },
        "CarAgent.Policy.Epsilon.sum": {
            "value": 0.18809214000000007,
            "min": 0.18809214000000007,
            "max": 0.1995879,
            "count": 29
        },
        "CarAgent.Policy.Beta.mean": {
            "value": 0.004405797786000001,
            "min": 0.004405797786000001,
            "max": 0.004979436209999999,
            "count": 29
        },
        "CarAgent.Policy.Beta.sum": {
            "value": 0.004405797786000001,
            "min": 0.004405797786000001,
            "max": 0.004979436209999999,
            "count": 29
        }
    },
    "metadata": {
        "timer_format_version": "0.1.0",
        "start_time_seconds": "1764823051",
        "python_version": "3.10.12 (main, Jul  5 2023, 18:54:27) [GCC 11.2.0]",
        "command_line_arguments": "/home/itsuki/.conda/envs/mlagents/bin/mlagents-learn config.yaml --run-id=run3",
        "mlagents_version": "1.1.0",
        "mlagents_envs_version": "1.1.0",
        "communication_protocol_version": "1.5.0",
        "pytorch_version": "2.2.2+cu121",
        "numpy_version": "1.23.5",
        "end_time_seconds": "1764823460"
    },
    "total": 408.95671887499884,
    "count": 1,
    "self": 0.0025221229989256244,
    "children": {
        "run_training.setup": {
            "total": 0.011409921000449685,
            "count": 1,
            "self": 0.011409921000449685
        },
        "TrainerController.start_learning": {
            "total": 408.94278683099947,
            "count": 1,
            "self": 0.46489212291089643,
            "children": {
                "TrainerController._reset_env": {
                    "total": 8.382601518998854,
                    "count": 1,
                    "self": 8.382601518998854
                },
                "TrainerController.advance": {
                    "total": 400.06296306908916,
                    "count": 41088,
                    "self": 0.4288799510741228,
                    "children": {
                        "env_step": {
                            "total": 328.30397018900294,
                            "count": 41088,
                            "self": 294.2221364860252,
                            "children": {
                                "SubprocessEnvManager._take_step": {
                                    "total": 33.783918732910024,
                                    "count": 41088,
                                    "self": 1.553626053773769,
                                    "children": {
                                        "TorchPolicy.evaluate": {
                                            "total": 32.230292679136255,
                                            "count": 41088,
                                            "self": 32.230292679136255
                                        }
                                    }
                                },
                                "workers": {
                                    "total": 0.2979149700677226,
                                    "count": 41088,
                                    "self": 0.0,
                                    "children": {
                                        "worker_root": {
                                            "total": 407.03374237704884,
                                            "count": 41088,
                                            "is_parallel": true,
                                            "self": 143.217284711287,
                                            "children": {
                                                "run_training.setup": {
                                                    "total": 0.0,
                                                    "count": 0,
                                                    "is_parallel": true,
                                                    "self": 0.0,