{
    "name": "root",
    "metadata": {
        "timer_format_version": "0.1.0",
        "start_time_seconds": "1764811897",
        "python_version": "3.10.12 (main, Jul  5 2023, 18:54:27) [GCC 11.2.0]",
        "command_line_arguments": "/home/itsuki/.conda/envs/mlagents/bin/mlagents-learn config.yaml --run-id=run2",
        "mlagents_version": "1.1.0",
        "mlagents_envs_version": "1.1.0",
        "communication_protocol_version": "1.5.0",
        "pytorch_version": "2.2.2+cu121",
        "numpy_version": "1.23.5",
        "end_time_seconds": "1764811904"
    },
    "total": 7.24459651899997,
    "count": 1,
    "self": 0.003823196999292122,
    "children": {
        "run_training.setup": {
            "total": 0.009115587001360836,
            "count": 1,
            "self": 0.009115587001360836
        },
        "TrainerController.start_learning": {
            "total": 7.231657734999317,
            "count": 1,
            "self": 5.631800013361499e-05,
            "children": {
                "TrainerController._reset_env": {
                    "total": 7.199377783001182,
                    "count": 1,
                    "self": 7.199377783001182
                },
                "TrainerController.advance": {
                    "total": 0.013733362999118981,
                    "count": 1,
                    "self": 5.339999916031957e-06,
                    "children": {
                        "env_step": {
                            "total": 0.013728022999202949,
                            "count": 1,
                            "self": 0.00012285599950700998,
                            "children": {
                                "SubprocessEnvManager._take_step": {
                                    "total": 0.013605166999695939,
                                    "count": 1,
                                    "self": 2.5348999770358205e-05,
                                    "children": {
                                        "TorchPolicy.evaluate": {
                                            "total": 0.01357981799992558,
                                            "count": 1,
                                            "self": 0.01357981799992558
                                        }
                                    }
                                }
                            }
                        }
                    }
                },
                "TrainerController._save_models": {
                    "total": 0.018490270998881897,
                    "count": 1,
                    "self": 1.8503998944652267e-05,
                    "children": {
                        "RLTrainer._checkpoint": {
                            "total": 0.018471766999937245,
                            "count": 1,
                            "self": 0.018471766999937245
                        }
                    }
                }
            }
        }
    }
}