{
    "name": "root",
    "gauges": {
        "CarAgent.Policy.Entropy.mean": {
            "value": 1.3781403303146362,
            "min": 1.3781403303146362,
            "max": 1.417749285697937,
            "count": 10
        },
        "CarAgent.Policy.Entropy.sum": {
            "value": 69044.828125,
            "min": 68748.09375,
            "max": 71658.71875,
            "count": 10
        },
        "CarAgent.Step.mean": {
            "value": 499980.0,
            "min": 49978.0,
            "max": 499980.0,
            "count": 10
        },
        "CarAgent.Step.sum": {
            "value": 499980.0,
            "min": 49978.0,
            "max": 499980.0,
            "count": 10
        },
        "CarAgent.Policy.ExtrinsicValueEstimate.mean": {
            "value": 4.249445915222168,
            "min": 0.42532119154930115,
            "max": 4.249445915222168,
            "count": 10
        },
        "CarAgent.Policy.ExtrinsicValueEstimate.sum": {
            "value": 3412.304931640625,
            "min": 344.93548583984375,
            "max": 3412.304931640625,
            "count": 10
        },
        "CarAgent.Environment.EpisodeLength.mean": {
            "value": 815.1935483870968,
            "min": 637.0,
            "max": 1025.1538461538462,
            "count": 10
        },
        "CarAgent.Environment.EpisodeLength.sum": {
            "value": 50542.0,
            "min": 42679.0,
            "max": 53986.0,
            "count": 10
        },
        "CarAgent.Environment.CumulativeReward.mean": {
            "value": 38.80605188824026,
            "min": 2.1870115712596063,
            "max": 40.2930904651845,
            "count": 10
        },
        "CarAgent.Environment.CumulativeReward.sum": {
            "value": 2405.975217070896,
            "min": 146.52977527439361,
            "max": 2405.975217070896,
            "count": 10
        },
        "CarAgent.Policy.ExtrinsicReward.mean": {
            "value": 38.80605188824026,
            "min": 2.1870115712596063,
            "max": 40.2930904651845,
            "count": 10
        },
        "CarAgent.Policy.ExtrinsicReward.sum": {
            "value": 2405.975217070896,
            "min": 146.52977527439361,
            "max": 2405.975217070896,
            "count": 10
        },
        "CarAgent.Losses.PolicyLoss.mean": {
            "value": 0.023624562798067926,
            "min": 0.02190732206994047,
            "max": 0.027486233736077947,
            "count": 10
        },
        "CarAgent.Losses.PolicyLoss.sum": {
            "value": 0.11812281399033964,
            "min": 0.08762928827976188,
            "max": 0.13743116868038974,
            "count": 10
        },
        "CarAgent.Losses.ValueLoss.mean": {
            "value": 0.05986537436644236,
            "min": 0.03765410662939151,
            "max": 0.20485991073151427,
            "count": 10
        },
        "CarAgent.Losses.ValueLoss.sum": {
            "value": 0.2993268718322118,
            "min": 0.15061642651756604,
            "max": 1.0242995536575714,
            "count": 10
        },
        "CarAgent.Policy.LearningRate.mean": {
            "value": 1.615113461632001e-05,
            "min": 1.615113461632001e-05,
            "max": 0.0002844213051928999,
            "count": 10
        },
        "CarAgent.Policy.LearningRate.sum": {
            "value": 8.075567308160004e-05,
            "min": 8.075567308160004e-05,
            "max": 0.0012836262721246,
            "count": 10
        },
        "CarAgent.Policy.Epsilon.mean": {
            "value": 0.10538368000000002,
            "min": 0.10538368000000002,
            "max": 0.19480710000000004,
            "count": 10
        },
        "CarAgent.Policy.Epsilon.sum": {
            "value": 0.5269184000000001,
            "min": 0.4996921999999999,
            "max": 0.9278754,
            "count": 10
        },
        "CarAgent.Policy.Beta.mean": {
            "value": 0.0002786456320000001,
            "min": 0.0002786456320000001,
            "max": 0.0047408742900000005,
            "count": 10
        },
        "CarAgent.Policy.Beta.sum": {
            "value": 0.0013932281600000005,
            "min": 0.0013932281600000005,
            "max": 0.021400982460000002,
            "count": 10
        },
        "CarAgent.IsTraining.mean": {
            "value": 1.0,
            "min": 1.0,
            "max": 1.0,
            "count": 10
        },
        "CarAgent.IsTraining.sum": {
            "value": 1.0,
            "min": 1.0,
            "max": 1.0,
            "count": 10
        }
    },
    "metadata": {
        "timer_format_version": "0.1.0",
        "start_time_seconds": "1764812489",
        "python_version": "3.10.12 (main, Jul  5 2023, 18:54:27) [GCC 11.2.0]",
        "command_line_arguments": "/home/itsuki/.conda/envs/mlagents/bin/mlagents-learn --run-id=run8",
        "mlagents_version": "1.1.0",
        "mlagents_envs_version": "1.1.0",
        "communication_protocol_version": "1.5.0",
        "pytorch_version": "2.2.2+cu121",
        "numpy_version": "1.23.5",
        "end_time_seconds": "1764812714"
    },
    "total": 224.42604705,
    "count": 1,
    "self": 0.003293533000004345,
    "children": {
        "run_training.setup": {
            "total": 0.007452154999981531,
            "count": 1,
            "self": 0.007452154999981531
        },
        "TrainerController.start_learning": {
            "total": 224.415301362,
            "count": 1,
            "self": 0.42945949199989286,
            "children": {
                "TrainerController._reset_env": {
                    "total": 4.456314378000002,
                    "count": 1,
                    "self": 4.456314378000002
                },
                "TrainerController.advance": {
                    "total": 219.51089519300012,
                    "count": 41705,
                    "self": 0.412610792001459,
                    "children": {
                        "env_step": {
                            "total": 161.75923163900333,
                            "count": 41705,
                            "self": 130.7670456940029,
                            "children": {
                                "SubprocessEnvManager._take_step": {
                                    "total": 30.712925445999616,
                                    "count": 41705,
                                    "self": 1.5631747230008841,
                                    "children": {
                                        "TorchPolicy.evaluate": {
                                            "total": 29.149750722998732,
                                            "count": 41705,
                                            "self": 29.149750722998732
                                        }
                                    }
                                },
                                "workers": {
                                    "total": 0.27926049900082717,
                                    "count": 41705,
                                    "self": 0.0,
                                    "children": {
                                        "worker_root": {
                                            "total": 223.7847550099962,
                                            "count": 41705,
                                            "is_parallel": true,
                                            "self": 121.24108051199346,
                                            "children": {
                                                "run_training.setup": {
                                                    "total": 0.0,
                                                    "count": 0,
                                                    "is_parallel": true,
                                                    "self": 0.0,