{
    "name": "root",
    "gauges": {
        "MyBehavior.Policy.Entropy.mean": {
            "value": 1.3714573383331299,
            "min": 1.3714573383331299,
            "max": 1.4178646802902222,
            "count": 10
        },
        "MyBehavior.Policy.Entropy.sum": {
            "value": 68874.5859375,
            "min": 68290.9375,
            "max": 71392.3203125,
            "count": 10
        },
        "MyBehavior.Step.mean": {
            "value": 499994.0,
            "min": 49944.0,
            "max": 499994.0,
            "count": 10
        },
        "MyBehavior.Step.sum": {
            "value": 499994.0,
            "min": 49944.0,
            "max": 499994.0,
            "count": 10
        },
        "MyBehavior.Policy.ExtrinsicValueEstimate.mean": {
            "value": 2.0356051921844482,
            "min": 0.05531127378344536,
            "max": 2.2632944583892822,
            "count": 10
        },
        "MyBehavior.Policy.ExtrinsicValueEstimate.sum": {
            "value": 1787.2613525390625,
            "min": 44.359642028808594,
            "max": 1957.749755859375,
            "count": 10
        },
        "MyBehavior.Environment.EpisodeLength.mean": {
            "value": 316.93548387096774,
            "min": 284.4245810055866,
            "max": 798.3103448275862,
            "count": 10
        },
        "MyBehavior.Environment.EpisodeLength.sum": {
            "value": 49125.0,
            "min": 46302.0,
            "max": 52051.0,
            "count": 10
        },
        "MyBehavior.Environment.CumulativeReward.mean": {
            "value": 10.524839857400906,
            "min": 3.485758742349672,
            "max": 10.557243172800533,
            "count": 10
        },
        "MyBehavior.Environment.CumulativeReward.sum": {
            "value": 1631.3501778971404,
            "min": 202.17400705628097,
            "max": 1800.1352998903021,
            "count": 10
        },
        "MyBehavior.Policy.ExtrinsicReward.mean": {
            "value": 10.524839857400906,
            "min": 3.485758742349672,
            "max": 10.557243172800533,
            "count": 10
        },
        "MyBehavior.Policy.ExtrinsicReward.sum": {
            "value": 1631.3501778971404,
            "min": 202.17400705628097,
            "max": 1800.1352998903021,
            "count": 10
        },
        "MyBehavior.Losses.PolicyLoss.mean": {
            "value": 0.027774120035270848,
            "min": 0.02023925623546044,
            "max": 0.027774120035270848,
            "count": 10
        },
        "MyBehavior.Losses.PolicyLoss.sum": {
            "value": 0.13887060017635425,
            "min": 0.09128902399291594,
            "max": 0.13887060017635425,
            "count": 10
        },
        "MyBehavior.Losses.ValueLoss.mean": {
            "value": 0.19008935367067653,
            "min": 0.030285674100741747,
            "max": 0.19008935367067653,
            "count": 10
        },
        "MyBehavior.Losses.ValueLoss.sum": {
            "value": 0.9504467683533827,
            "min": 0.12114269640296699,
            "max": 0.9504467683533827,
            "count": 10
        },
        "MyBehavior.Policy.LearningRate.mean": {
            "value": 1.629441456856e-05,
            "min": 1.629441456856e-05,
            "max": 0.0002846037051321,
            "count": 10
        },
        "MyBehavior.Policy.LearningRate.sum": {
            "value": 8.14720728428e-05,
            "min": 8.14720728428e-05,
            "max": 0.001284291071903,
            "count": 10
        },
        "MyBehavior.Policy.Epsilon.mean": {
            "value": 0.10543144,
            "min": 0.10543144,
            "max": 0.1948679,
            "count": 10
        },
        "MyBehavior.Policy.Epsilon.sum": {
            "value": 0.5271572,
            "min": 0.4998290000000001,
            "max": 0.9280970000000001,
            "count": 10
        },
        "MyBehavior.Policy.Beta.mean": {
            "value": 0.0002810288560000001,
            "min": 0.0002810288560000001,
            "max": 0.00474390821,
            "count": 10
        },
        "MyBehavior.Policy.Beta.sum": {
            "value": 0.0014051442800000005,
            "min": 0.0014051442800000005,
            "max": 0.021412040299999997,
            "count": 10
        },
        "MyBehavior.IsTraining.mean": {
            "value": 1.0,
            "min": 1.0,
            "max": 1.0,
            "count": 10
        },
        "MyBehavior.IsTraining.sum": {
            "value": 1.0,
            "min": 1.0,
            "max": 1.0,
            "count": 10
        }
    },
    "metadata": {
        "timer_format_version": "0.1.0",
        "start_time_seconds": "1764809056",
        "python_version": "3.10.12 (main, Jul  5 2023, 18:54:27) [GCC 11.2.0]",
        "command_line_arguments": "/home/itsuki/.conda/envs/mlagents/bin/mlagents-learn --run-id=test2",
        "mlagents_version": "1.1.0",
        "mlagents_envs_version": "1.1.0",
        "communication_protocol_version": "1.5.0",
        "pytorch_version": "2.2.2+cu121",
        "numpy_version": "1.23.5",
        "end_time_seconds": "1764809415"
    },
    "total": 358.4705547069989,
    "count": 1,
    "self": 0.0034140769985242514,
    "children": {
        "run_training.setup": {
            "total": 0.008536389999790117,
            "count": 1,
            "self": 0.008536389999790117
        },
        "TrainerController.start_learning": {
            "total": 358.45860424000057,
            "count": 1,
            "self": 0.4470285069601232,
            "children": {
                "TrainerController._reset_env": {
                    "total": 21.338711194001007,
                    "count": 1,
                    "self": 21.338711194001007
                },
                "TrainerController.advance": {
                    "total": 336.65219017804156,
                    "count": 41704,
                    "self": 0.41685333351233567,
                    "children": {
                        "env_step": {
                            "total": 277.79158514733354,
                            "count": 41704,
                            "self": 248.49214275969098,
                            "children": {
                                "SubprocessEnvManager._take_step": {
                                    "total": 29.013802231726004,
                                    "count": 41704,
                                    "self": 1.5355560524913017,
                                    "children": {
                                        "TorchPolicy.evaluate": {
                                            "total": 27.478246179234702,
                                            "count": 41704,
                                            "self": 27.478246179234702
                                        }
                                    }
                                },
                                "workers": {
                                    "total": 0.28564015591655334,
                                    "count": 41704,
                                    "self": 0.0,
                                    "children": {
                                        "worker_root": {
                                            "total": 357.79741047536845,
                                            "count": 41704,
                                            "is_parallel": true,
                                            "self": 137.74827669723163,
                                            "children": {
                                                "run_training.setup": {
                                                    "total": 0.0,
                                                    "count": 0,
                                                    "is_parallel": true,
                                                    "self": 0.0,