{
    "name": "root",
    "gauges": {
        "CarAgent.Policy.Entropy.mean": {
            "value": 1.3899967670440674,
            "min": 1.3899967670440674,
            "max": 1.4235866069793701,
            "count": 10
        },
        "CarAgent.Policy.Entropy.sum": {
            "value": 69430.3359375,
            "min": 69430.3359375,
            "max": 71770.1171875,
            "count": 10
        },
        "CarAgent.Step.mean": {
            "value": 499995.0,
            "min": 49990.0,
            "max": 499995.0,
            "count": 10
        },
        "CarAgent.Step.sum": {
            "value": 499995.0,
            "min": 49990.0,
            "max": 499995.0,
            "count": 10
        },
        "CarAgent.Policy.ExtrinsicValueEstimate.mean": {
            "value": 4.418818950653076,
            "min": 0.2587956190109253,
            "max": 4.418818950653076,
            "count": 10
        },
        "CarAgent.Policy.ExtrinsicValueEstimate.sum": {
            "value": 3570.40576171875,
            "min": 207.03648376464844,
            "max": 3570.40576171875,
            "count": 10
        },
        "CarAgent.Environment.EpisodeLength.mean": {
            "value": 760.5373134328358,
            "min": 760.5373134328358,
            "max": 1083.6666666666667,
            "count": 10
        },
        "CarAgent.Environment.EpisodeLength.sum": {
            "value": 50956.0,
            "min": 40793.0,
            "max": 52229.0,
            "count": 10
        },
        "CarAgent.Environment.CumulativeReward.mean": {
            "value": 38.36288293528913,
            "min": 2.6639755932200284,
            "max": 39.62085493245432,
            "count": 10
        },
        "CarAgent.Environment.CumulativeReward.sum": {
            "value": 2570.3131566643715,
            "min": 119.87890169490129,
            "max": 2570.3131566643715,
            "count": 10
        },
        "CarAgent.Policy.ExtrinsicReward.mean": {
            "value": 38.36288293528913,
            "min": 2.6639755932200284,
            "max": 39.62085493245432,
            "count": 10
        },
        "CarAgent.Policy.ExtrinsicReward.sum": {
            "value": 2570.3131566643715,
            "min": 119.87890169490129,
            "max": 2570.3131566643715,
            "count": 10
        },
        "CarAgent.Losses.PolicyLoss.mean": {
            "value": 0.024316947208717465,
            "min": 0.021913045563269406,
            "max": 0.02551676683593541,
            "count": 10
        },
        "CarAgent.Losses.PolicyLoss.sum": {
            "value": 0.12158473604358733,
            "min": 0.08765218225307762,
            "max": 0.12758383417967706,
            "count": 10
        },
        "CarAgent.Losses.ValueLoss.mean": {
            "value": 0.07539063865939777,
            "min": 0.0220706517342478,
            "max": 0.07539063865939777,
            "count": 10
        },
        "CarAgent.Losses.ValueLoss.sum": {
            "value": 0.37695319329698884,
            "min": 0.0882826069369912,
            "max": 0.37695319329698884,
            "count": 10
        },
        "CarAgent.Policy.LearningRate.mean": {
            "value": 1.608141463956001e-05,
            "min": 1.608141463956001e-05,
            "max": 0.00028443660518780005,
            "count": 10
        },
        "CarAgent.Policy.LearningRate.sum": {
            "value": 8.040707319780004e-05,
            "min": 8.040707319780004e-05,
            "max": 0.0012834744721752001,
            "count": 10
        },
        "CarAgent.Policy.Epsilon.mean": {
            "value": 0.10804065999999998,
            "min": 0.10804065999999998,
            "max": 0.24221829999999994,
            "count": 10
        },
        "CarAgent.Policy.Epsilon.sum": {
            "value": 0.5402032999999999,
            "min": 0.5402032999999999,
            "max": 1.1417372000000001,
            "count": 10
        },
        "CarAgent.Policy.Beta.mean": {
            "value": 0.0005455079560000003,
            "min": 0.0005455079560000003,
            "max": 0.00948173878,
            "count": 10
        },
        "CarAgent.Policy.Beta.sum": {
            "value": 0.0027275397800000014,
            "min": 0.0027275397800000014,
            "max": 0.04278969752,
            "count": 10
        },
        "CarAgent.IsTraining.mean": {
            "value": 1.0,
            "min": 1.0,
            "max": 1.0,
            "count": 10
        },
        "CarAgent.IsTraining.sum": {
            "value": 1.0,
            "min": 1.0,
            "max": 1.0,
            "count": 10
        }
    },
    "metadata": {
        "timer_format_version": "0.1.0",
        "start_time_seconds": "1764821609",
        "python_version": "3.10.12 (main, Jul  5 2023, 18:54:27) [GCC 11.2.0]",
        "command_line_arguments": "/home/itsuki/.conda/envs/mlagents/bin/mlagents-learn config.yaml --run-id=run1",
        "mlagents_version": "1.1.0",
        "mlagents_envs_version": "1.1.0",
        "communication_protocol_version": "1.5.0",
        "pytorch_version": "2.2.2+cu121",
        "numpy_version": "1.23.5",
        "end_time_seconds": "1764822297"
    },
    "total": 688.1821247099997,
    "count": 1,
    "self": 0.003297601999292965,
    "children": {
        "run_training.setup": {
            "total": 0.009287037000831333,
            "count": 1,
            "self": 0.009287037000831333
        },
        "TrainerController.start_learning": {
            "total": 688.1695400709996,
            "count": 1,
            "self": 0.3816071380442736,
            "children": {
                "TrainerController._reset_env": {
                    "total": 8.3149133479983,
                    "count": 1,
                    "self": 8.3149133479983
                },
                "TrainerController.advance": {
                    "total": 679.4528664189584,
                    "count": 33367,
                    "self": 0.35345292510646686,
                    "children": {
                        "env_step": {
                            "total": 619.6868713289714,
                            "count": 33367,
                            "self": 592.819729131852,
                            "children": {
                                "SubprocessEnvManager._take_step": {
                                    "total": 26.627665454940143,
                                    "count": 33367,
                                    "self": 1.346885229999316,
                                    "children": {
                                        "TorchPolicy.evaluate": {
                                            "total": 25.280780224940827,
                                            "count": 33367,
                                            "self": 25.280780224940827
                                        }
                                    }
                                },
                                "workers": {
                                    "total": 0.2394767421792494,
                                    "count": 33367,
                                    "self": 0.0,
                                    "children": {
                                        "worker_root": {
                                            "total": 687.5964605667305,
                                            "count": 33367,
                                            "is_parallel": true,
                                            "self": 119.88410549967557,
                                            "children": {
                                                "run_training.setup": {
                                                    "total": 0.0,
                                                    "count": 0,
                                                    "is_parallel": true,
                                                    "self": 0.0,