{
    "name": "root",
    "metadata": {
        "timer_format_version": "0.1.0",
        "start_time_seconds": "1764812162",
        "python_version": "3.10.12 (main, Jul  5 2023, 18:54:27) [GCC 11.2.0]",
        "command_line_arguments": "/home/itsuki/.conda/envs/mlagents/bin/mlagents-learn config.yaml --run-id=run6",
        "mlagents_version": "1.1.0",
        "mlagents_envs_version": "1.1.0",
        "communication_protocol_version": "1.5.0",
        "pytorch_version": "2.2.2+cu121",
        "numpy_version": "1.23.5",
        "end_time_seconds": "1764812173"
    },
    "total": 11.165422424999633,
    "count": 1,
    "self": 0.002739077999649453,
    "children": {
        "run_training.setup": {
            "total": 0.009579850999216433,
            "count": 1,
            "self": 0.009579850999216433
        },
        "TrainerController.start_learning": {
            "total": 11.153103496000767,
            "count": 1,
            "self": 0.0012362890047370456,
            "children": {
                "TrainerController._reset_env": {
                    "total": 5.353849688999617,
                    "count": 1,
                    "self": 5.353849688999617
                },
                "TrainerController.advance": {
                    "total": 5.730035987997326,
                    "count": 64,
                    "self": 0.0004182079846941633,
                    "children": {
                        "env_step": {
                            "total": 5.729617780012632,
                            "count": 64,
                            "self": 5.597529334008868,
                            "children": {
                                "SubprocessEnvManager._take_step": {
                                    "total": 0.13166581200493965,
                                    "count": 64,
                                    "self": 0.002661768998223124,
                                    "children": {
                                        "TorchPolicy.evaluate": {
                                            "total": 0.12900404300671653,
                                            "count": 64,
                                            "self": 0.12900404300671653
                                        }
                                    }
                                },
                                "workers": {
                                    "total": 0.000422633998823585,
                                    "count": 64,
                                    "self": 0.0,
                                    "children": {
                                        "worker_root": {
                                            "total": 6.143980296998052,
                                            "count": 64,
                                            "is_parallel": true,
                                            "self": 5.574021382006322,
                                            "children": {
                                                "run_training.setup": {
                                                    "total": 0.0,
                                                    "count": 0,
                                                    "is_parallel": true,
                                                    "self": 0.0,
                                                    "children": {
                                                        "steps_from_proto": {
                                                            "total": 0.0006124730007286416,
                                                            "count": 1,
                                                            "is_parallel": true,
                                                            "self": 0.00017915300304593984,
                                                            "children": {
                                                                "_process_rank_one_or_two_observation": {
                                                                    "total": 0.0004333199976827018,
                                                                    "count": 4,
                                                                    "is_parallel": true,
                                                                    "self": 0.0004333199976827018
                                                                }
                                                            }
                                                        },
                                                        "UnityEnvironment.step": {
                                                            "total": 0.025511455000014394,
                                                            "count": 1,
                                                            "is_parallel": true,
                                                            "self": 0.0001619970007595839,
                                                            "children": {
                                                                "UnityEnvironment._generate_step_input": {
                                                                    "total": 0.0002009170002565952,
                                                                    "count": 1,
                                                                    "is_parallel": true,
                                                                    "self": 0.0002009170002565952
                                                                },
                                                                "communicator.exchange": {
                                                                    "total": 0.024681138998857932,
                                                                    "count": 1,
                                                                    "is_parallel": true,
                                                                    "self": 0.024681138998857932
                                                                },
                                                                "steps_from_proto": {
                                                                    "total": 0.0004674020001402823,
                                                                    "count": 1,
                                                                    "is_parallel": true,
                                                                    "self": 0.000118105001092772,
                                                                    "children": {
                                                                        "_process_rank_one_or_two_observation": {
                                                                            "total": 0.0003492969990475103,
                                                                            "count": 4,
                                                                            "is_parallel": true,
                                                                            "self": 0.0003492969990475103
                                                                        }
                                                                    }
                                                                }
                                                            }
                                                        }
                                                    }
                                                },
                                                "UnityEnvironment.step": {
                                                    "total": 0.5699589149917301,
                                                    "count": 63,
                                                    "is_parallel": true,
                                                    "self": 0.006357682994348579,